{"cameraMode":{"drawMode":0,"name":"Shaded","section":"Shading Mode"},"sceneLighting":true,"audioPlay":false,"sceneViewState":{"showFog":true,"showMaterialUpdate":false,"showSkybox":true,"showFlares":true,"showImageEffects":true,"showParticleSystems":true},"in2DMode":false,"pivot":{"x":281.18475341796877,"y":46.561614990234378,"z":-518.881103515625},"rotation":{"x":-0.0025892802514135839,"y":0.9967638254165649,"z":-0.035899024456739429,"w":-0.07189126312732697},"size":371.597412109375,"orthographic":true}