{"cameraMode":{"drawMode":0,"name":"Shaded","section":"Shading Mode"},"sceneLighting":true,"audioPlay":false,"sceneViewState":{"showFog":true,"showMaterialUpdate":false,"showSkybox":false,"showFlares":true,"showImageEffects":true,"showParticleSystems":true},"in2DMode":false,"pivot":{"x":-2.788999557495117,"y":7.873898506164551,"z":46.64421844482422},"rotation":{"x":0.169825479388237,"y":0.6220067143440247,"z":-0.1406203657388687,"w":0.7513579726219177},"size":8.899670600891114,"orthographic":false}