{"cameraMode":{"drawMode":0,"name":"Shaded","section":"Shading Mode"},"sceneLighting":true,"audioPlay":false,"sceneViewState":{"showFog":true,"showMaterialUpdate":false,"showSkybox":false,"showFlares":true,"showImageEffects":true,"showParticleSystems":true},"in2DMode":false,"pivot":{"x":-11.39584732055664,"y":7.3857526779174809,"z":52.43992614746094},"rotation":{"x":0.08484501391649246,"y":0.2900707721710205,"z":-0.0258466936647892,"w":0.9529104232788086},"size":29.36692237854004,"orthographic":false}