{"cameraMode":{"drawMode":0,"name":"Shaded","section":"Shading Mode"},"sceneLighting":false,"audioPlay":false,"sceneViewState":{"showFog":true,"showMaterialUpdate":false,"showSkybox":false,"showFlares":true,"showImageEffects":true,"showParticleSystems":true},"in2DMode":false,"pivot":{"x":3.5762786865234377e-7,"y":0.8275606632232666,"z":0.0},"rotation":{"x":0.14214293658733369,"y":-0.4545246958732605,"z":0.07371614873409271,"w":0.8762511610984802},"size":2.0840303897857668,"orthographic":false}