{"cameraMode":{"drawMode":0,"name":"Shaded","section":"Shading Mode"},"sceneLighting":true,"audioPlay":false,"sceneViewState":{"showFog":true,"showMaterialUpdate":false,"showSkybox":false,"showFlares":true,"showImageEffects":true,"showParticleSystems":true},"in2DMode":false,"pivot":{"x":9.92549991607666,"y":3.9000000953674318,"z":35.09759521484375},"rotation":{"x":0.012236871756613255,"y":-0.46440982818603518,"z":0.006399474572390318,"w":0.8855413794517517},"size":8.48705005645752,"orthographic":false}