{"cameraMode":{"drawMode":0,"name":"Shaded","section":"Shading Mode"},"sceneLighting":true,"audioPlay":false,"sceneViewState":{"showFog":true,"showMaterialUpdate":false,"showSkybox":true,"showFlares":true,"showImageEffects":true,"showParticleSystems":true},"in2DMode":false,"pivot":{"x":-3.6525704860687258,"y":0.0,"z":-2.120856285095215},"rotation":{"x":-0.001511025009676814,"y":0.8285343647003174,"z":-0.5599364638328552,"w":-0.0022366095799952747},"size":4.611316680908203,"orthographic":false}